CREATE DATABASE  IF NOT EXISTS `hl_cost_statistics` /*!40100 DEFAULT CHARACTER SET utf8 COLLATE utf8_unicode_ci */;
USE `hl_cost_statistics`;
-- MySQL dump 10.13  Distrib 5.6.19, for osx10.7 (i386)
--
-- Host: 182.254.222.64    Database: zrcb_p2p_dev
-- ------------------------------------------------------
-- Server version	5.5.31

/*!40101 SET @OLD_CHARACTER_SET_CLIENT=@@CHARACTER_SET_CLIENT */;
/*!40101 SET @OLD_CHARACTER_SET_RESULTS=@@CHARACTER_SET_RESULTS */;
/*!40101 SET @OLD_COLLATION_CONNECTION=@@COLLATION_CONNECTION */;
/*!40101 SET NAMES utf8 */;
/*!40103 SET @OLD_TIME_ZONE=@@TIME_ZONE */;
/*!40103 SET TIME_ZONE='+00:00' */;
/*!40014 SET @OLD_UNIQUE_CHECKS=@@UNIQUE_CHECKS, UNIQUE_CHECKS=0 */;
/*!40014 SET @OLD_FOREIGN_KEY_CHECKS=@@FOREIGN_KEY_CHECKS, FOREIGN_KEY_CHECKS=0 */;
/*!40101 SET @OLD_SQL_MODE=@@SQL_MODE, SQL_MODE='NO_AUTO_VALUE_ON_ZERO' */;
/*!40111 SET @OLD_SQL_NOTES=@@SQL_NOTES, SQL_NOTES=0 */;

--
-- Table structure for table `tb_bank_branch`
--

DROP TABLE IF EXISTS `tb_bank_branch`;
/*!40101 SET @saved_cs_client     = @@character_set_client */;
/*!40101 SET character_set_client = utf8 */;
CREATE TABLE `tb_bank_branch` (
  `id` varchar(45) COLLATE utf8_unicode_ci NOT NULL,
  `name` varchar(45) COLLATE utf8_unicode_ci NOT NULL COMMENT '名称',
  `number` varchar(45) COLLATE utf8_unicode_ci NOT NULL COMMENT '编码',
  `manager` varchar(45) COLLATE utf8_unicode_ci DEFAULT NULL COMMENT '负责人',
  `tel` varchar(45) COLLATE utf8_unicode_ci DEFAULT NULL COMMENT '客服电话',
  `address` varchar(200) COLLATE utf8_unicode_ci NOT NULL COMMENT '地址(省 市 区 详细地址)',
  `address_code` varchar(100) COLLATE utf8_unicode_ci NOT NULL COMMENT '地址(省 市 区)code',
  `url` varchar(100) COLLATE utf8_unicode_ci NOT NULL COMMENT '生成推广的二维码url(带网点标识)',
  `create_time` datetime NOT NULL,
  `update_time` datetime NOT NULL,
  PRIMARY KEY (`id`),
  UNIQUE KEY `number_UNIQUE` (`number`)
) ENGINE=InnoDB DEFAULT CHARSET=utf8 COLLATE=utf8_unicode_ci COMMENT='网点';
/*!40101 SET character_set_client = @saved_cs_client */;

--
-- Dumping data for table `tb_bank_branch`
--

LOCK TABLES `tb_bank_branch` WRITE;
/*!40000 ALTER TABLE `tb_bank_branch` DISABLE KEYS */;
INSERT INTO `tb_bank_branch` VALUES ('1c937fbd-df4e-11e5-b4f5-525400bfe8b9','浦口支行','PK003','严飞','40082547','甘肃省 白银市 平川区 浦口县平川路15号','5 63 613','D:\\\\qrcode\\2016\\2\\1456814351039.png','2016-03-01 09:37:09','2016-03-01 09:37:09'),('1d9d3038-e1f3-11e5-92de-525400bfe8b9','城南支行','CN001','严飞','40068855','广东省 肇庆市 广宁县 城南路222号','6 94 840','http://182.254.222.64:9889/file/qrcode/2016/3/1457086995284.png','2016-03-04 18:23:15','2016-03-04 18:23:15'),('29ac1dc5-d9db-11e5-b4f5-525400bfe8b9','慈林支行','CL0034','王丹','400123123','甘肃省 甘南藏族自治州 迭部县 文澜苑华庭小区商业5号房','5 65 629','https://ryd.zznsyh.cn/CL0034','2016-02-23 11:15:00','2016-02-23 11:15:00'),('305ff75f-ded0-11e5-b4f5-525400bfe8b9','杨浦支行','YP003','严飞','40065589','广东省 东莞市 莞城区 哈哈哈','6 79 717','/data/web/zrcb/file\\qrcode\\2016\\2\\145985855652.png','2016-02-29 18:35:43','2016-02-29 18:35:43'),('5ce1804c-ef41-11e5-aa79-525400bfe8b9','陆家嘴支行','LJZ001','严飞','55886633','甘肃省 嘉峪关市 嘉峪关市 陆家嘴','5 66 633','http://182.254.222.64:9889/file/qrcode/2016/3/1458549970868.png','2016-03-21 16:46:10','2016-03-21 16:46:10'),('7dd60e09-db87-11e5-b4f5-525400bfe8b9','普陀支行','PT0015','严飞','40085566','上海 上海市 普陀区 莘松路999号','25 321 2709','https://ryd.zznsyh.cn/PT0015','2016-02-25 14:17:45','2016-02-25 14:17:45'),('8975896b-ef41-11e5-aa79-525400bfe8b9','bbb','aaa','','','çèç åå³ªå³å¸ åå³ªå³å¸ aaa','5 66 633','http://182.254.222.64:9889/file/qrcode/2016/3/1458550045853.png','2016-03-21 16:47:25','2016-03-21 16:47:25'),('98b3bc7d-ef15-11e5-aa79-525400bfe8b9','浦东支行','PD001','严飞','40085566','甘肃省 兰州市 西固区 浦东新区','5 62 607','http://182.254.222.64:9889/file/qrcode/2016/3/1458531174034.png','2016-03-21 11:32:54','2016-03-21 11:32:54'),('acc15ef8-e1fd-11e5-b8a8-525400bfe8b9','城西支行','CX001','严飞','10086','广东省 惠州市 龙门县 龙门路22号','6 82 762','http://182.254.222.64:9889/file/qrcode/2016/3/1457091530104.png','2016-03-04 19:38:50','2016-03-04 19:38:50'),('bda62846-d9db-11e5-b4f5-525400bfe8b9','长子总部','ZZ0001','刘璐','400123123','山西省 长治市 长治县 漳源中路65号','23 301 2490','https://ryd.zznsyh.cn/ZZ0001','2016-02-23 11:16:00','2016-02-23 11:16:00'),('c1fdef44-d9db-11e5-b4f5-525400bfe8b9','府前支行','FQ0031','谢楠','400123123','山西省 长治市 长子县 西大街69号','23 301 2496','https://ryd.zznsyh.cn/FQ0031','2016-02-23 11:17:00','2016-02-23 11:17:00'),('c9bc01f6-ef41-11e5-aa79-525400bfe8b9','aaa','aaa123','','','甘肃省 甘南藏族自治州 迭部县 aaa','5 65 629','http://182.254.222.64:9889/file/qrcode/2016/3/1458550153689.png','2016-03-21 16:49:13','2016-03-21 16:49:13'),('d43ae261-e1d4-11e5-b4f5-525400bfe8b9','徐汇区支行','XH001','张三','40085566','甘肃省 金昌市 永昌县 建设路888号','5 67 635','D:\\\\qrcode\\2016\\3\\1457073990733.png','2016-03-04 14:46:30','2016-03-04 14:46:30'),('d5574c60-e1ea-11e5-92de-525400bfe8b9','城东支行','CD003','周华健','40065588','甘肃省 天水市 武山县 城东路336号','5 73 680','D:\\\\qrcode\\2016\\3\\1457083438260.png','2016-03-04 17:23:58','2016-03-04 17:23:58'),('fcb90fc6-dac1-11e5-b4f5-525400bfe8b9','莘庄支行','XZ0012','严飞','55668899','上海 上海市 闵行区 莘松路380号','25 321 2705','https://ryd.zznsyh.cn/XZ0012','2016-02-24 14:43:57','2016-02-24 14:43:57');
/*!40000 ALTER TABLE `tb_bank_branch` ENABLE KEYS */;
UNLOCK TABLES;

--
-- Table structure for table `tb_bank_branch_manager`
--

DROP TABLE IF EXISTS `tb_bank_branch_manager`;
/*!40101 SET @saved_cs_client     = @@character_set_client */;
/*!40101 SET character_set_client = utf8 */;
CREATE TABLE `tb_bank_branch_manager` (
  `id` varchar(45) COLLATE utf8_unicode_ci NOT NULL,
  `bank_branch_id` varchar(45) COLLATE utf8_unicode_ci NOT NULL COMMENT '网点id',
  `name` varchar(45) COLLATE utf8_unicode_ci NOT NULL COMMENT '姓名',
  `phone` varchar(45) COLLATE utf8_unicode_ci NOT NULL COMMENT '手机号',
  `wechat` varchar(45) COLLATE utf8_unicode_ci DEFAULT NULL COMMENT '微信号',
  `gender` enum('M','F') COLLATE utf8_unicode_ci DEFAULT NULL COMMENT '性别(M:男性,F:女性)',
  `email` varchar(45) COLLATE utf8_unicode_ci DEFAULT NULL COMMENT '邮箱',
  `url` varchar(100) COLLATE utf8_unicode_ci NOT NULL COMMENT '生成推广的二维码url(带网点和客户经理标识)',
  `create_time` datetime NOT NULL,
  `update_time` datetime NOT NULL,
  PRIMARY KEY (`id`),
  KEY `tb_bank_branch_manager_branch_fk_idx` (`bank_branch_id`),
  CONSTRAINT `tb_bank_branch_manager_branch_fk` FOREIGN KEY (`bank_branch_id`) REFERENCES `tb_bank_branch` (`id`) ON DELETE NO ACTION ON UPDATE NO ACTION
) ENGINE=InnoDB DEFAULT CHARSET=utf8 COLLATE=utf8_unicode_ci COMMENT='网点客户经理';
/*!40101 SET character_set_client = @saved_cs_client */;

--
-- Dumping data for table `tb_bank_branch_manager`
--

LOCK TABLES `tb_bank_branch_manager` WRITE;
/*!40000 ALTER TABLE `tb_bank_branch_manager` DISABLE KEYS */;
INSERT INTO `tb_bank_branch_manager` VALUES ('07fac7ee-debd-11e5-b4f5-525400bfe8b9','7dd60e09-db87-11e5-b4f5-525400bfe8b9','李四','15651322587','lisi123456','F','lisi@126.com','D:\\\\qrcode\\2016\\2\\1456811875133.png','2016-02-29 16:18:35','2016-03-04 19:26:47'),('162fef2f-df7f-11e5-b4f5-525400bfe8b9','7dd60e09-db87-11e5-b4f5-525400bfe8b9','成龙','15651355698','chenglong','M','chenglong@126.com','D:\\\\qrcode\\2016\\2\\1456817263195.png','2016-03-01 15:27:43','2016-03-01 15:27:43'),('303bc47b-de94-11e5-b4f5-525400bfe8b9','c1fdef44-d9db-11e5-b4f5-525400bfe8b9','张三','18625170652','zhangsan','M','zhangsan@yeapoo.com','D:\\\\qrcode\\2016\\2\\1456816203095.png','2016-02-29 11:26:14','2016-03-01 15:10:03'),('385bca9f-ef3f-11e5-aa79-525400bfe8b9','29ac1dc5-d9db-11e5-b4f5-525400bfe8b9','王五','18721557777','','M','arjay@yeapoo.com','http://182.254.222.64:9889/file/qrcode/2016/3/1458549050818.png','2016-03-21 16:30:50','2016-03-21 16:30:50'),('3eab42c9-e1f3-11e5-92de-525400bfe8b9','1d9d3038-e1f3-11e5-92de-525400bfe8b9','李小璐','18547855986','lixiaolu','M','lixiaolu@163.com','http://182.254.222.64:9889/file/qrcode/2016/3/1457087050730.png','2016-03-04 18:24:10','2016-03-04 18:24:10'),('4033d96d-e1fe-11e5-b8a8-525400bfe8b9','acc15ef8-e1fd-11e5-b8a8-525400bfe8b9','ddd','18625170696','ddd','M','ddd@126.com','http://182.254.222.64:9889/file/qrcode/2016/3/1457091777452.png','2016-03-04 19:42:57','2016-03-04 19:43:17'),('78a50296-e1f3-11e5-92de-525400bfe8b9','d5574c60-e1ea-11e5-92de-525400bfe8b9','甄子丹','15652411589','zhengzidan','M','zhengzidan@126.com','http://182.254.222.64:9889/file/qrcode/2016/3/1457087148091.png','2016-03-04 18:25:48','2016-03-04 18:25:48'),('7b4428ed-df7f-11e5-b4f5-525400bfe8b9','1c937fbd-df4e-11e5-b4f5-525400bfe8b9','房祖名','15687455986','fazuming','M','fazuming@163.com','D:\\\\qrcode\\2016\\2\\1456817432753.png','2016-03-01 15:30:32','2016-03-01 15:30:32'),('7dcdd92f-de93-11e5-b4f5-525400bfe8b9','bda62846-d9db-11e5-b4f5-525400bfe8b9','yanfei','18625170696','','M','yanfei@yeapoo.com','https://ryd.zznsyh.cn/ZZ0001','2016-02-29 11:21:15','2016-02-29 11:21:15'),('86e9c40c-e1da-11e5-b4f5-525400bfe8b9','d43ae261-e1d4-11e5-b4f5-525400bfe8b9','李小龙','15651333119','lixiaolong','M','lixiaolong@126.com','D:\\\\qrcode\\2016\\3\\1457076437913.png','2016-03-04 15:27:17','2016-03-04 15:27:17'),('89b38130-e1eb-11e5-92de-525400bfe8b9','d5574c60-e1ea-11e5-92de-525400bfe8b9','严飞','18625170632','yanfei','M','yanfei@yeapoo.com','D:\\\\qrcode\\2016\\3\\1457083740751.png','2016-03-04 17:29:00','2016-03-04 17:29:00'),('b9eb4384-de8c-11e5-b4f5-525400bfe8b9','fcb90fc6-dac1-11e5-b4f5-525400bfe8b9','严飞','18625170696','yanfei123456','M','yanfei@yeapoo.com','/data/web/zrcb/file\\qrcode\\2016\\2\\1456810939549.png','2016-02-29 10:35:22','2016-03-01 13:42:19'),('c67cc42f-ef16-11e5-aa79-525400bfe8b9','98b3bc7d-ef15-11e5-aa79-525400bfe8b9','张三','18625147523','zhangsan','M','zhangsan@126.com','http://182.254.222.64:9889/file/qrcode/2016/3/1458531680318.png','2016-03-21 11:41:20','2016-03-21 11:41:20'),('cd280129-ef15-11e5-aa79-525400bfe8b9','98b3bc7d-ef15-11e5-aa79-525400bfe8b9','张三','18624589654','helloworld','M','zhangsan@126.com','http://182.254.222.64:9889/file/qrcode/2016/3/1458531262046.png','2016-03-21 11:34:22','2016-03-21 11:34:22'),('d9efe694-de93-11e5-b4f5-525400bfe8b9','29ac1dc5-d9db-11e5-b4f5-525400bfe8b9','赵群','13218063753','yanfei123456','F','zhaoqun@yeapoo.com','https://ryd.zznsyh.cn/CL0034','2016-02-29 11:23:49','2016-02-29 16:39:14');
/*!40000 ALTER TABLE `tb_bank_branch_manager` ENABLE KEYS */;
UNLOCK TABLES;

--
-- Table structure for table `tb_borrower`
--

DROP TABLE IF EXISTS `tb_borrower`;
/*!40101 SET @saved_cs_client     = @@character_set_client */;
/*!40101 SET character_set_client = utf8 */;
CREATE TABLE `tb_borrower` (
  `id` varchar(45) COLLATE utf8_unicode_ci NOT NULL,
  `name` varchar(45) COLLATE utf8_unicode_ci DEFAULT NULL COMMENT '借款单位名称或借款人姓名',
  `nick_name` varchar(45) COLLATE utf8_unicode_ci DEFAULT NULL COMMENT '借款者用户名',
  `contact` varchar(45) COLLATE utf8_unicode_ci NOT NULL COMMENT '联系人名称',
  `phone` varchar(45) COLLATE utf8_unicode_ci NOT NULL COMMENT '联系手机号',
  `type` enum('company','personal') COLLATE utf8_unicode_ci NOT NULL COMMENT '借款人类型(‘company’:’公司’,’personal’:’个人’)',
  `pwd` varchar(45) COLLATE utf8_unicode_ci NOT NULL COMMENT '密码',
  `salt` varchar(45) COLLATE utf8_unicode_ci DEFAULT NULL COMMENT '随机盐',
  `email` varchar(45) COLLATE utf8_unicode_ci DEFAULT NULL COMMENT '邮箱',
  `create_time` datetime NOT NULL,
  `update_time` datetime NOT NULL,
  PRIMARY KEY (`id`),
  UNIQUE KEY `mobile_phone_UNIQUE` (`phone`)
) ENGINE=InnoDB DEFAULT CHARSET=utf8 COLLATE=utf8_unicode_ci COMMENT='融资项目借款人';
/*!40101 SET character_set_client = @saved_cs_client */;

--
-- Dumping data for table `tb_borrower`
--

LOCK TABLES `tb_borrower` WRITE;
/*!40000 ALTER TABLE `tb_borrower` DISABLE KEYS */;
INSERT INTO `tb_borrower` VALUES ('25cb135f-d90a-11e5-b4f5-525400bfe8b9','阿里巴巴','1dioCFSkDj','马云','18625145895','company','758304CB9972AE93A3410F93CEEC5711',NULL,'mayun@ali.com','2016-02-22 10:15:29','2016-02-22 10:15:29'),('405b1b9f-d90e-11e5-b4f5-525400bfe8b9','武大','1ditLSA6dJ','武大','12353452345','personal','4080B9D43646B8AC273AB310AE33532D',NULL,'werew@yeapoo.com','2016-02-22 10:44:53','2016-02-22 10:44:53'),('5d2ed550-de92-11e5-b4f5-525400bfe8b9','上海一铺信息科技','kklpkso','王五','18721557879','company','FB6EF34F2959F7BFCD8E0DD1DD93ADE3','QAJlxLPgUcOaRjUFVscBs6C1ZsbfEysg','arjay@yeapoo.com','2016-02-29 11:13:11','2016-02-29 11:13:11'),('dbddd5c1-b14f-11e5-bfc5-525400bfe8b9','上海一铺信息科技有限公司','company','路人甲','18721557877','company','CCE33396EF18A8A2CFB1CCDC6DAA6E30','BHdJpLjsf3cNSZjMKhd3X0RGgdgaiKw3','arjay@yeapoo.com','2016-01-02 20:53:45','2016-02-28 23:02:35'),('ed28ff1c-b151-11e5-bfc5-525400bfe8b9','上海一铺科技信息有限公司','personal','严涵','13661716230','personal','BB1A311E72D6DB2129F1B3B9A3E5EA27','f44JQvKWs1WTPE1fFiFV0aY1kHT1tsbU','arjay@yeapoo.com','2016-01-02 21:08:33','2016-02-29 10:45:40');
/*!40000 ALTER TABLE `tb_borrower` ENABLE KEYS */;
UNLOCK TABLES;

--
-- Table structure for table `tb_increase_type`
--

DROP TABLE IF EXISTS `tb_increase_type`;
/*!40101 SET @saved_cs_client     = @@character_set_client */;
/*!40101 SET character_set_client = utf8 */;
CREATE TABLE `tb_increase_type` (
  `id` varchar(45) COLLATE utf8_unicode_ci NOT NULL,
  `name` varchar(100) COLLATE utf8_unicode_ci NOT NULL COMMENT '收益方式的名称',
  PRIMARY KEY (`id`),
  UNIQUE KEY `name_UNIQUE` (`name`)
) ENGINE=InnoDB DEFAULT CHARSET=utf8 COLLATE=utf8_unicode_ci COMMENT='融资项目的收益方式';
/*!40101 SET character_set_client = @saved_cs_client */;

--
-- Dumping data for table `tb_increase_type`
--

LOCK TABLES `tb_increase_type` WRITE;
/*!40000 ALTER TABLE `tb_increase_type` DISABLE KEYS */;
INSERT INTO `tb_increase_type` VALUES ('1','一次性还本付息'),('2','每月等额本息'),('3','每月还息，到期还本');
/*!40000 ALTER TABLE `tb_increase_type` ENABLE KEYS */;
UNLOCK TABLES;

--
-- Table structure for table `tb_investor`
--

DROP TABLE IF EXISTS `tb_investor`;
/*!40101 SET @saved_cs_client     = @@character_set_client */;
/*!40101 SET character_set_client = utf8 */;
CREATE TABLE `tb_investor` (
  `id` varchar(45) COLLATE utf8_unicode_ci NOT NULL,
  `name` varchar(45) COLLATE utf8_unicode_ci DEFAULT NULL COMMENT '投资者真实姓名',
  `pwd` varchar(45) COLLATE utf8_unicode_ci NOT NULL COMMENT '用户密码',
  `salt` varchar(45) COLLATE utf8_unicode_ci DEFAULT NULL COMMENT '随机盐',
  `nick_name` varchar(45) COLLATE utf8_unicode_ci DEFAULT NULL COMMENT '别名',
  `id_no` varchar(45) COLLATE utf8_unicode_ci DEFAULT NULL COMMENT '身份证号',
  `phone` varchar(45) COLLATE utf8_unicode_ci NOT NULL COMMENT '手机号',
  `cfca_phone` varchar(45) COLLATE utf8_unicode_ci DEFAULT NULL COMMENT '中金账户手机号',
  `email` varchar(45) COLLATE utf8_unicode_ci DEFAULT NULL,
  `status` enum('10','15','20','30','40') COLLATE utf8_unicode_ci NOT NULL DEFAULT '10' COMMENT '投资者中金帐号状态\n10=未注册(默认)\n15=待认证\n20=审核中\n30=已注册，个人直接成功，企业实名认证信息通过\n40=审核驳回',
  `user_type` enum('11','12') COLLATE utf8_unicode_ci NOT NULL DEFAULT '11' COMMENT '用户类型\n11=个人(默认)\n12=企业',
  `last_login_time` datetime NOT NULL COMMENT '上一次登录的时间',
  `recommend_code` varchar(45) COLLATE utf8_unicode_ci DEFAULT NULL COMMENT '推荐码',
  `create_time` datetime NOT NULL,
  `update_time` datetime NOT NULL,
  PRIMARY KEY (`id`),
  UNIQUE KEY `phone_UNIQUE` (`phone`)
) ENGINE=InnoDB DEFAULT CHARSET=utf8 COLLATE=utf8_unicode_ci COMMENT='投资者';
/*!40101 SET character_set_client = @saved_cs_client */;

--
-- Dumping data for table `tb_investor`
--

LOCK TABLES `tb_investor` WRITE;
/*!40000 ALTER TABLE `tb_investor` DISABLE KEYS */;
INSERT INTO `tb_investor` VALUES ('10f439b0-c58f-11e5-b4f5-525400bfe8b9','江亚庆','858145936B5B53D3852D980868C3EA1E',NULL,NULL,'140411199009165219','13453578345','13453578345',NULL,'30','11','2016-01-29 15:03:11',NULL,'2016-01-28 15:16:36','2016-01-28 15:16:36'),('2157ba37-dec6-11e5-b4f5-525400bfe8b9',NULL,'A15215B1E3348793FC331FD39329E833','VjHLiBHhreFTyljUQdcyp3pAMVu6qGNh',NULL,NULL,'18721557871',NULL,NULL,'10','11','2016-02-29 17:23:44',NULL,'2016-02-29 17:23:44','2016-02-29 17:23:44'),('3ca19c45-e02a-11e5-b4f5-525400bfe8b9','蒋一航','F4F15FFAF1C4AA96B9603247C0CC198C','bMLPEhrL6k8eCaM6Hli3pkvarCdgzhzd',NULL,'420583199206043717','13661485143','13661485143',NULL,'30','11','2016-03-22 09:23:20',NULL,'2016-03-02 11:52:51','2016-03-02 11:52:52'),('44601766-b153-11e5-bfc5-525400bfe8b9','张三','B311A0DB87D9EA6A6573F8619E93305D','IiTIkCfCdVLcBVWSq1Vreaa5WVklCCWa',NULL,'420921198807245719','18721557877','18721557877','zhangsan@126.com','30','11','2016-03-21 14:21:01','8888','2016-01-02 21:18:09','2016-02-29 18:47:29'),('4647828b-d6d7-11e5-b4f5-525400bfe8b9',NULL,'F30AA7A662C728B7407C54AE6BFD27D1',NULL,NULL,NULL,'18625170696',NULL,NULL,'10','11','2016-03-02 09:48:40',NULL,'2016-02-19 15:06:16','2016-02-19 15:06:16'),('4ea30686-c598-11e5-b4f5-525400bfe8b9','Lee','E99A18C428CB38D5F260853678922E03',NULL,NULL,'420116199010017646','18661052838','18661052838',NULL,'30','11','2016-01-28 16:36:59',NULL,'2016-01-28 16:22:44','2016-01-28 16:22:45'),('5633c590-de2d-11e5-b4f5-525400bfe8b9',NULL,'A3094A3D433365012F9911C3635DB9AB','hDWEGkboHC97YIoHn2yhgYkFKNHDGmYA',NULL,NULL,'18721557878',NULL,NULL,'10','11','2016-03-18 14:48:21',NULL,'2016-02-28 23:09:59','2016-02-28 23:09:59'),('6c839578-c598-11e5-b4f5-525400bfe8b9','滕依秋','E99A18C428CB38D5F260853678922E03',NULL,NULL,'361024198905248001','13152000000','13152000000',NULL,'30','11','2016-01-28 16:23:35',NULL,'2016-01-28 16:23:35','2016-01-28 16:25:38'),('6e8f1e70-c59b-11e5-b4f5-525400bfe8b9','刘凯丽','6C1EEB5D2A702F1C85C02B1B11B7B4CE',NULL,NULL,'14041119910918082X','13620651226','13620651226',NULL,'30','11','2016-01-28 16:45:07',NULL,'2016-01-28 16:45:07','2016-01-28 16:45:07'),('6f98112d-c657-11e5-b4f5-525400bfe8b9',NULL,'3984389E4ABAA8AA756B50684ACDB499',NULL,NULL,NULL,'13753502838',NULL,NULL,'10','11','2016-01-29 15:10:54',NULL,'2016-01-29 15:10:54','2016-01-29 15:10:54'),('7586ee76-c59a-11e5-b4f5-525400bfe8b9','闵隆','E99A18C428CB38D5F260853678922E03',NULL,NULL,'542332199111278634','15093275220','15093275220',NULL,'30','11','2016-01-28 16:39:39',NULL,'2016-01-28 16:38:09','2016-01-28 16:40:33'),('7ba6b4d1-d62d-11e5-b4f5-525400bfe8b9',NULL,'8F3723331FA283BD406B9C9946D2CC66','oCRTSw8PQJW5zZielr6sEDR0vChNd9fx',NULL,NULL,'18721557870',NULL,NULL,'10','11','2016-02-29 17:17:15',NULL,'2016-02-18 18:50:53','2016-02-29 17:17:01'),('9952eb25-d591-11e5-b4f5-525400bfe8b9',NULL,'D9F6E636E369552839E7BB8057AEB8DA',NULL,NULL,NULL,'18799999999',NULL,NULL,'10','11','2016-02-18 00:15:02',NULL,'2016-02-18 00:15:02','2016-02-18 00:15:02'),('a8f6659f-d604-11e5-b4f5-525400bfe8b9',NULL,'8D0994D33C4B983C48C9B453F2B196BB',NULL,NULL,NULL,'13661716231',NULL,NULL,'10','11','2016-02-18 13:58:40',NULL,'2016-02-18 13:58:40','2016-02-18 14:01:47'),('add58667-c58c-11e5-b4f5-525400bfe8b9','郭一亭','7F85EEC5F594676B625BF49A72A06F20',NULL,NULL,'140402199203081629','18234576008','18234576008',NULL,'30','11','2016-01-29 16:58:29',NULL,'2016-01-28 14:59:30','2016-01-28 14:59:30'),('c87ca558-c590-11e5-b4f5-525400bfe8b9','牛波','B434B511C29D4537F9F39A7375B3AADA',NULL,NULL,'140428198210018010','15635583775','15635583775',NULL,'30','11','2016-01-29 15:04:26',NULL,'2016-01-28 15:28:53','2016-01-28 15:28:53'),('e9b4f376-b154-11e5-bfc5-525400bfe8b9','李四','B26F5C5214D58FFD54452D4C59D05E19','G4LyGM48et5tt7it9nDdxu1gouxJphWd',NULL,'420322197806073351','13661716230','13661716230',NULL,'30','11','2016-02-29 18:49:08','9999','2016-01-02 21:29:56','2016-01-02 21:29:57'),('f365ecad-de2c-11e5-b4f5-525400bfe8b9',NULL,'E52D2F574465999F5ADFF1E3686F8B35','AG5qtpNMGuG0wUwCtHMeAV0Hj9kdhofy',NULL,NULL,'18721557879',NULL,NULL,'10','11','2016-02-28 23:08:19',NULL,'2016-02-28 23:07:13','2016-02-28 23:07:13');
/*!40000 ALTER TABLE `tb_investor` ENABLE KEYS */;
UNLOCK TABLES;

--
-- Table structure for table `tb_investor_project`
--

DROP TABLE IF EXISTS `tb_investor_project`;
/*!40101 SET @saved_cs_client     = @@character_set_client */;
/*!40101 SET character_set_client = utf8 */;
CREATE TABLE `tb_investor_project` (
  `id` varchar(45) COLLATE utf8_unicode_ci NOT NULL,
  `investor_id` varchar(45) COLLATE utf8_unicode_ci NOT NULL COMMENT '投资者id',
  `project_id` varchar(45) COLLATE utf8_unicode_ci NOT NULL COMMENT '融资项目id',
  `amount` decimal(10,2) NOT NULL DEFAULT '0.00' COMMENT '投资金额',
  `status` enum('0','1','2','3') COLLATE utf8_unicode_ci NOT NULL DEFAULT '0' COMMENT '购买状态(0:未付款,1:付款,2:退款,3:结算)',
  `payment_no` varchar(45) COLLATE utf8_unicode_ci NOT NULL COMMENT '支付交易流水号',
  `payment_way` enum('0','11','20','30') COLLATE utf8_unicode_ci NOT NULL DEFAULT '0' COMMENT '支付方式\n0=全部支付（账户余额+银行卡）\n11=账户余额支付\n20=银行卡支付\n30=快捷支付\n商户不传默认0或不传',
  `payment_platform` enum('0','1') COLLATE utf8_unicode_ci DEFAULT '0' COMMENT '支付平台(0:PC端,1:移动端)',
  `investment_type` enum('10','20') COLLATE utf8_unicode_ci NOT NULL DEFAULT '10' COMMENT '投资类型\n10=项目直投(默认)\n20=债权转让',
  `payment_date` datetime DEFAULT NULL COMMENT '成功支付时间',
  `refund_date` datetime DEFAULT NULL COMMENT '退款时间',
  `settlement_date` datetime DEFAULT NULL COMMENT '结算时间',
  `interest` decimal(10,2) NOT NULL DEFAULT '0.00' COMMENT '项目结算后获得的利息',
  `branch_id` varchar(45) COLLATE utf8_unicode_ci DEFAULT NULL COMMENT '网点ID',
  `manager_id` varchar(45) COLLATE utf8_unicode_ci DEFAULT NULL COMMENT '客户经理ID',
  `create_time` datetime NOT NULL,
  `update_time` datetime NOT NULL,
  PRIMARY KEY (`id`),
  KEY `tb_investor_project_project_fk_idx` (`project_id`),
  KEY `tb_investor_project_investor_fk_idx` (`investor_id`),
  KEY `tb_investor_project_branch_fk_idx` (`branch_id`),
  KEY `tb_investor_project_manager_fk_idx` (`manager_id`),
  CONSTRAINT `tb_investor_project_branch_fk` FOREIGN KEY (`branch_id`) REFERENCES `tb_bank_branch` (`id`) ON DELETE NO ACTION ON UPDATE NO ACTION,
  CONSTRAINT `tb_investor_project_manager_fk` FOREIGN KEY (`manager_id`) REFERENCES `tb_bank_branch_manager` (`id`) ON DELETE NO ACTION ON UPDATE NO ACTION,
  CONSTRAINT `tb_investor_project_investor_fk` FOREIGN KEY (`investor_id`) REFERENCES `tb_investor` (`id`) ON DELETE NO ACTION ON UPDATE NO ACTION,
  CONSTRAINT `tb_investor_project_project_fk` FOREIGN KEY (`project_id`) REFERENCES `tb_project` (`id`) ON DELETE NO ACTION ON UPDATE NO ACTION
) ENGINE=InnoDB DEFAULT CHARSET=utf8 COLLATE=utf8_unicode_ci COMMENT='投资者投资的项目';
/*!40101 SET character_set_client = @saved_cs_client */;

--
-- Dumping data for table `tb_investor_project`
--

LOCK TABLES `tb_investor_project` WRITE;
/*!40000 ALTER TABLE `tb_investor_project` DISABLE KEYS */;
INSERT INTO `tb_investor_project` VALUES ('018dc8cf-b1ec-11e5-bfc5-525400bfe8b9','44601766-b153-11e5-bfc5-525400bfe8b9','793dac93-b152-11e5-bfc5-525400bfe8b9',70000.00,'0','160103153130112686870','0','1','10',NULL,NULL,NULL,0.00,'1c937fbd-df4e-11e5-b4f5-525400bfe8b9','07fac7ee-debd-11e5-b4f5-525400bfe8b9','2016-01-03 15:31:30','2016-01-03 15:31:30'),('03774af8-c590-11e5-b4f5-525400bfe8b9','10f439b0-c58f-11e5-b4f5-525400bfe8b9','3ea08643-c58f-11e5-b4f5-525400bfe8b9',500.00,'0','160128152322877167995','0','1','10',NULL,NULL,NULL,0.00,'1c937fbd-df4e-11e5-b4f5-525400bfe8b9','07fac7ee-debd-11e5-b4f5-525400bfe8b9','2016-01-28 15:23:22','2016-01-28 15:23:22'),('03ebd834-b1ec-11e5-bfc5-525400bfe8b9','44601766-b153-11e5-bfc5-525400bfe8b9','793dac93-b152-11e5-bfc5-525400bfe8b9',70000.00,'0','160103153134084686885','0','1','10',NULL,NULL,NULL,0.00,'1c937fbd-df4e-11e5-b4f5-525400bfe8b9','07fac7ee-debd-11e5-b4f5-525400bfe8b9','2016-01-03 15:31:34','2016-01-03 15:31:34'),('04b897a5-ba04-11e5-bfc5-525400bfe8b9','e9b4f376-b154-11e5-bfc5-525400bfe8b9','ea4eb487-b9fe-11e5-bfc5-525400bfe8b9',300000.00,'3','160113224332650183954','11','1','10','2016-01-13 22:43:48',NULL,'2016-01-13 23:18:05',5648.35,'1c937fbd-df4e-11e5-b4f5-525400bfe8b9','07fac7ee-debd-11e5-b4f5-525400bfe8b9','2016-01-13 22:43:32','2016-01-13 23:18:05'),('050f3ce4-c591-11e5-b4f5-525400bfe8b9','10f439b0-c58f-11e5-b4f5-525400bfe8b9','3ea08643-c58f-11e5-b4f5-525400bfe8b9',500.00,'0','160128153035047167933','0','0','10',NULL,NULL,NULL,0.00,'1c937fbd-df4e-11e5-b4f5-525400bfe8b9','07fac7ee-debd-11e5-b4f5-525400bfe8b9','2016-01-28 15:30:35','2016-01-28 15:30:35'),('08a3035f-ba05-11e5-bfc5-525400bfe8b9','44601766-b153-11e5-bfc5-525400bfe8b9','46f70be9-ba03-11e5-bfc5-525400bfe8b9',12000.00,'1','160113225048716570820','11','1','10','2016-01-13 22:51:02',NULL,NULL,0.00,'1c937fbd-df4e-11e5-b4f5-525400bfe8b9','162fef2f-df7f-11e5-b4f5-525400bfe8b9','2016-01-13 22:50:48','2016-01-13 22:51:01'),('1d85f097-ba05-11e5-bfc5-525400bfe8b9','e9b4f376-b154-11e5-bfc5-525400bfe8b9','46f70be9-ba03-11e5-bfc5-525400bfe8b9',8000.00,'1','160113225123758570845','11','1','10','2016-01-13 22:51:38',NULL,NULL,0.00,'1d9d3038-e1f3-11e5-92de-525400bfe8b9','162fef2f-df7f-11e5-b4f5-525400bfe8b9','2016-01-13 22:51:23','2016-01-13 22:51:37'),('1d868017-ba04-11e5-bfc5-525400bfe8b9','44601766-b153-11e5-bfc5-525400bfe8b9','ea4eb487-b9fe-11e5-bfc5-525400bfe8b9',200000.00,'3','160113224414265183934','11','1','10','2016-01-13 22:44:29',NULL,'2016-01-13 23:18:05',3765.60,'1d9d3038-e1f3-11e5-92de-525400bfe8b9','162fef2f-df7f-11e5-b4f5-525400bfe8b9','2016-01-13 22:44:14','2016-01-13 23:18:05'),('20d35b00-c00a-11e5-bfc5-525400bfe8b9','44601766-b153-11e5-bfc5-525400bfe8b9','5ffd6ad1-c009-11e5-bfc5-525400bfe8b9',200000.00,'0','160121144223758199611','0','0','10',NULL,NULL,NULL,0.00,'1d9d3038-e1f3-11e5-92de-525400bfe8b9','162fef2f-df7f-11e5-b4f5-525400bfe8b9','2016-01-21 14:42:23','2016-01-21 14:42:23'),('283aefa7-ef2c-11e5-aa79-525400bfe8b9','44601766-b153-11e5-bfc5-525400bfe8b9','2616f60f-d90a-11e5-b4f5-525400bfe8b9',10000.00,'0','160321141423460149392','0','0','10',NULL,NULL,NULL,0.00,'1d9d3038-e1f3-11e5-92de-525400bfe8b9','162fef2f-df7f-11e5-b4f5-525400bfe8b9','2016-03-21 14:14:23','2016-03-21 14:14:23'),('326d64a8-b1cd-11e5-bfc5-525400bfe8b9','44601766-b153-11e5-bfc5-525400bfe8b9','ed523e41-b151-11e5-bfc5-525400bfe8b9',30000.00,'1','160103115057693117540','11','1','10','2016-01-03 11:51:13',NULL,NULL,0.00,NULL,NULL,'2016-01-03 11:50:57','2016-01-03 11:51:13'),('35736195-c59b-11e5-b4f5-525400bfe8b9','7586ee76-c59a-11e5-b4f5-525400bfe8b9','cea1d933-c597-11e5-b4f5-525400bfe8b9',2000.00,'0','160128164331193875495','0','1','10',NULL,NULL,NULL,0.00,NULL,NULL,'2016-01-28 16:43:31','2016-01-28 16:43:31'),('36609909-c00a-11e5-bfc5-525400bfe8b9','44601766-b153-11e5-bfc5-525400bfe8b9','5ffd6ad1-c009-11e5-bfc5-525400bfe8b9',200000.00,'1','160121144259916199668','11','1','10','2016-01-21 14:43:13',NULL,NULL,0.00,NULL,NULL,'2016-01-21 14:42:59','2016-01-21 14:43:12'),('3919dcd2-c65c-11e5-b4f5-525400bfe8b9','add58667-c58c-11e5-b4f5-525400bfe8b9','24d2b212-c658-11e5-b4f5-525400bfe8b9',500.00,'0','160129154510195824472','0','1','10',NULL,NULL,NULL,0.00,NULL,NULL,'2016-01-29 15:45:10','2016-01-29 15:45:10'),('3c67c38f-b155-11e5-bfc5-525400bfe8b9','e9b4f376-b154-11e5-bfc5-525400bfe8b9','dc19ac26-b14f-11e5-bfc5-525400bfe8b9',50000.00,'3','160102213214843141604','11','1','10','2016-01-02 21:32:28',NULL,'2016-01-03 16:44:52',710.42,NULL,NULL,'2016-01-02 21:32:14','2016-01-03 16:44:52'),('42fa7ba2-ba04-11e5-bfc5-525400bfe8b9','44601766-b153-11e5-bfc5-525400bfe8b9','70052a36-b9ff-11e5-bfc5-525400bfe8b9',700000.00,'3','160113224517101109078','11','1','10','2016-01-13 22:45:31',NULL,'2016-01-13 23:33:34',19950.00,NULL,NULL,'2016-01-13 22:45:17','2016-01-13 23:33:34'),('4357320a-b1ec-11e5-bfc5-525400bfe8b9','e9b4f376-b154-11e5-bfc5-525400bfe8b9','793dac93-b152-11e5-bfc5-525400bfe8b9',70000.00,'1','160103153320484686864','11','1','10','2016-01-03 15:33:34',NULL,NULL,0.00,NULL,NULL,'2016-01-03 15:33:20','2016-01-03 15:33:33'),('457bd55d-c657-11e5-b4f5-525400bfe8b9','10f439b0-c58f-11e5-b4f5-525400bfe8b9','3ea08643-c58f-11e5-b4f5-525400bfe8b9',500.00,'1','160129150943486167967','11','0','10','2016-01-29 15:10:24',NULL,NULL,0.00,NULL,NULL,'2016-01-29 15:09:43','2016-01-29 15:10:23'),('461dd877-db0d-11e5-b4f5-525400bfe8b9','44601766-b153-11e5-bfc5-525400bfe8b9','40945c3f-d90e-11e5-b4f5-525400bfe8b9',1000.00,'0','160224234256229158634','0','0','10',NULL,NULL,NULL,0.00,NULL,NULL,'2016-02-24 23:42:56','2016-02-24 23:42:56'),('48c4919a-b1cd-11e5-bfc5-525400bfe8b9','44601766-b153-11e5-bfc5-525400bfe8b9','ed523e41-b151-11e5-bfc5-525400bfe8b9',50000.00,'1','160103115135191117510','11','1','10','2016-01-03 11:51:49',NULL,NULL,0.00,NULL,NULL,'2016-01-03 11:51:35','2016-01-03 11:51:47'),('4cc4746e-b1c8-11e5-bfc5-525400bfe8b9','e9b4f376-b154-11e5-bfc5-525400bfe8b9','74082825-b150-11e5-bfc5-525400bfe8b9',150000.00,'3','160103111554417131378','11','1','10','2016-01-03 11:16:38',NULL,'2016-01-03 21:48:34',2144.25,NULL,NULL,'2016-01-03 11:15:54','2016-01-03 21:48:34'),('537cabcd-c59b-11e5-b4f5-525400bfe8b9','7586ee76-c59a-11e5-b4f5-525400bfe8b9','cea1d933-c597-11e5-b4f5-525400bfe8b9',2000.00,'3','160128164421594875471','11','1','10','2016-01-28 16:44:41',NULL,'2016-01-29 11:49:13',26.50,NULL,NULL,'2016-01-28 16:44:21','2016-01-29 11:49:13'),('546e789e-c5a4-11e5-b4f5-525400bfe8b9','10f439b0-c58f-11e5-b4f5-525400bfe8b9','3ea08643-c58f-11e5-b4f5-525400bfe8b9',500.00,'0','160128174848649167950','0','1','10',NULL,NULL,NULL,0.00,NULL,NULL,'2016-01-28 17:48:48','2016-01-28 17:48:48'),('56177906-c004-11e5-bfc5-525400bfe8b9','44601766-b153-11e5-bfc5-525400bfe8b9','c52c7e0c-bc53-11e5-bfc5-525400bfe8b9',50000.00,'3','160121140056144159192','11','1','10','2016-01-21 14:01:21',NULL,'2016-01-21 14:04:48',451.39,NULL,NULL,'2016-01-21 14:00:56','2016-01-21 14:04:48'),('5b71e364-c00a-11e5-bfc5-525400bfe8b9','44601766-b153-11e5-bfc5-525400bfe8b9','5ffd6ad1-c009-11e5-bfc5-525400bfe8b9',300000.00,'0','160121144402105199622','0','1','10',NULL,NULL,NULL,0.00,NULL,NULL,'2016-01-21 14:44:02','2016-01-21 14:44:02'),('60c2262b-b1ec-11e5-bfc5-525400bfe8b9','44601766-b153-11e5-bfc5-525400bfe8b9','793dac93-b152-11e5-bfc5-525400bfe8b9',30000.00,'1','160103153409839686875','11','1','10','2016-01-03 15:34:29',NULL,NULL,0.00,NULL,NULL,'2016-01-03 15:34:09','2016-01-03 15:34:28'),('60d9d54a-c56d-11e5-b4f5-525400bfe8b9','44601766-b153-11e5-bfc5-525400bfe8b9','91787977-c3f5-11e5-bfc5-525400bfe8b9',500.00,'3','160128111527165944013','11','1','10','2016-01-28 11:16:00',NULL,'2016-01-29 11:56:20',9.17,NULL,NULL,'2016-01-28 11:15:27','2016-01-29 11:56:20'),('61b53b67-c649-11e5-b4f5-525400bfe8b9','44601766-b153-11e5-bfc5-525400bfe8b9','2884a466-c648-11e5-b4f5-525400bfe8b9',5000.00,'1','160129133017877215089','11','1','10','2016-01-29 13:30:32',NULL,NULL,0.00,NULL,NULL,'2016-01-29 13:30:17','2016-01-29 13:30:31'),('630c601d-c517-11e5-b4f5-525400bfe8b9','44601766-b153-11e5-bfc5-525400bfe8b9','91787977-c3f5-11e5-bfc5-525400bfe8b9',100.00,'0','160128005954202944015','0','0','10',NULL,NULL,NULL,0.00,NULL,NULL,'2016-01-28 00:59:54','2016-01-28 00:59:54'),('65370927-ba04-11e5-bfc5-525400bfe8b9','e9b4f376-b154-11e5-bfc5-525400bfe8b9','70052a36-b9ff-11e5-bfc5-525400bfe8b9',300000.00,'3','160113224614540109003','11','1','10','2016-01-13 22:46:27',NULL,'2016-01-13 23:33:34',8550.00,NULL,NULL,'2016-01-13 22:46:14','2016-01-13 23:33:34'),('6a12a31a-b155-11e5-bfc5-525400bfe8b9','44601766-b153-11e5-bfc5-525400bfe8b9','dc19ac26-b14f-11e5-bfc5-525400bfe8b9',350000.00,'3','160102213331460141607','11','1','10','2016-01-02 21:33:44',NULL,'2016-01-03 16:44:53',4972.92,NULL,NULL,'2016-01-02 21:33:31','2016-01-03 16:44:53'),('6d13f2ca-c599-11e5-b4f5-525400bfe8b9','4ea30686-c598-11e5-b4f5-525400bfe8b9','cea1d933-c597-11e5-b4f5-525400bfe8b9',2000.00,'3','160128163045535875473','20','0','10','2016-01-28 16:31:05',NULL,'2016-01-29 11:49:13',26.50,NULL,NULL,'2016-01-28 16:30:45','2016-01-29 11:49:13'),('77c0a454-c656-11e5-b4f5-525400bfe8b9','10f439b0-c58f-11e5-b4f5-525400bfe8b9','2884a466-c648-11e5-b4f5-525400bfe8b9',1000.00,'1','160129150358326215044','11','0','10','2016-01-29 15:05:54',NULL,NULL,0.00,NULL,NULL,'2016-01-29 15:03:58','2016-01-29 15:05:54'),('791ff4e8-c59b-11e5-b4f5-525400bfe8b9','6e8f1e70-c59b-11e5-b4f5-525400bfe8b9','cea1d933-c597-11e5-b4f5-525400bfe8b9',500.00,'0','160128164524740875492','0','1','10',NULL,NULL,NULL,0.00,NULL,NULL,'2016-01-28 16:45:24','2016-01-28 16:45:24'),('7a623d91-c59b-11e5-b4f5-525400bfe8b9','6e8f1e70-c59b-11e5-b4f5-525400bfe8b9','cea1d933-c597-11e5-b4f5-525400bfe8b9',500.00,'0','160128164526852875413','0','1','10',NULL,NULL,NULL,0.00,NULL,NULL,'2016-01-28 16:45:26','2016-01-28 16:45:26'),('802ff611-c00a-11e5-bfc5-525400bfe8b9','e9b4f376-b154-11e5-bfc5-525400bfe8b9','5ffd6ad1-c009-11e5-bfc5-525400bfe8b9',300000.00,'1','160121144503749199656','11','1','10','2016-01-21 14:46:15',NULL,NULL,0.00,NULL,NULL,'2016-01-21 14:45:03','2016-01-21 14:46:15'),('86a6e35c-c649-11e5-b4f5-525400bfe8b9','44601766-b153-11e5-bfc5-525400bfe8b9','778eedac-c648-11e5-b4f5-525400bfe8b9',1000.00,'1','160129133119865184467','11','1','10','2016-01-29 13:31:36',NULL,NULL,0.00,NULL,NULL,'2016-01-29 13:31:19','2016-01-29 13:31:36'),('87407ee1-c592-11e5-b4f5-525400bfe8b9','44601766-b153-11e5-bfc5-525400bfe8b9','3ea08643-c58f-11e5-b4f5-525400bfe8b9',500.00,'1','160128154122971167917','11','1','10','2016-01-28 15:41:37',NULL,NULL,0.00,NULL,NULL,'2016-01-28 15:41:22','2016-01-28 15:41:37'),('878bdd08-b1c8-11e5-bfc5-525400bfe8b9','44601766-b153-11e5-bfc5-525400bfe8b9','74082825-b150-11e5-bfc5-525400bfe8b9',250000.00,'3','160103111733032131378','11','1','10','2016-01-03 11:17:50',NULL,'2016-01-03 21:48:34',3573.75,NULL,NULL,'2016-01-03 11:17:33','2016-01-03 21:48:34'),('87dd91c9-b1ec-11e5-bfc5-525400bfe8b9','44601766-b153-11e5-bfc5-525400bfe8b9','fe93f6bb-b152-11e5-bfc5-525400bfe8b9',150000.00,'1','160103153515450508018','11','1','10','2016-01-03 15:35:29',NULL,NULL,0.00,NULL,NULL,'2016-01-03 15:35:15','2016-01-03 15:35:28'),('888c5cef-c2ab-11e5-bfc5-525400bfe8b9','e9b4f376-b154-11e5-bfc5-525400bfe8b9','d8f0436e-c2aa-11e5-bfc5-525400bfe8b9',100000.00,'1','160124230249074401956','11','1','10','2016-01-24 23:03:07',NULL,NULL,0.00,NULL,NULL,'2016-01-24 23:02:49','2016-01-24 23:03:07'),('8c72e548-ba04-11e5-bfc5-525400bfe8b9','44601766-b153-11e5-bfc5-525400bfe8b9','0ce28040-ba02-11e5-bfc5-525400bfe8b9',6000.00,'1','160113224720363794413','11','1','10','2016-01-13 22:47:34',NULL,NULL,0.00,NULL,NULL,'2016-01-13 22:47:20','2016-01-13 22:47:33'),('911c561b-ef19-11e5-aa79-525400bfe8b9','44601766-b153-11e5-bfc5-525400bfe8b9','2616f60f-d90a-11e5-b4f5-525400bfe8b9',1000.00,'0','160321120119178149325','0','0','10',NULL,NULL,NULL,0.00,NULL,NULL,'2016-03-21 12:01:19','2016-03-21 12:01:19'),('9e7f91e5-c656-11e5-b4f5-525400bfe8b9','c87ca558-c590-11e5-b4f5-525400bfe8b9','b14b1616-c647-11e5-b4f5-525400bfe8b9',100.00,'1','160129150503331138251','11','1','10','2016-01-29 15:05:33',NULL,NULL,0.00,NULL,NULL,'2016-01-29 15:05:03','2016-01-29 15:05:33'),('9ef5da1d-eb27-11e5-b8a8-525400bfe8b9','3ca19c45-e02a-11e5-b4f5-525400bfe8b9','2616f60f-d90a-11e5-b4f5-525400bfe8b9',2000.00,'1','160316113150764149347','20','0','10','2016-03-16 11:32:04',NULL,NULL,0.00,NULL,NULL,'2016-03-16 11:31:50','2016-03-16 11:32:32'),('9ffdda4b-ef19-11e5-aa79-525400bfe8b9','44601766-b153-11e5-bfc5-525400bfe8b9','2616f60f-d90a-11e5-b4f5-525400bfe8b9',1000.00,'0','160321120144139149325','0','0','10',NULL,NULL,NULL,0.00,NULL,NULL,'2016-03-21 12:01:44','2016-03-21 12:01:44'),('a11769ae-ba04-11e5-bfc5-525400bfe8b9','e9b4f376-b154-11e5-bfc5-525400bfe8b9','0ce28040-ba02-11e5-bfc5-525400bfe8b9',4000.00,'1','160113224754996794498','11','1','10','2016-01-13 22:48:08',NULL,NULL,0.00,NULL,NULL,'2016-01-13 22:47:54','2016-01-13 22:48:07'),('a9375752-b154-11e5-bfc5-525400bfe8b9','44601766-b153-11e5-bfc5-525400bfe8b9','dc19ac26-b14f-11e5-bfc5-525400bfe8b9',100000.00,'3','160102212807899141665','11','1','10','2016-01-02 21:28:23',NULL,'2016-01-03 16:44:53',1420.83,NULL,NULL,'2016-01-02 21:28:07','2016-01-03 16:44:53'),('acf6111a-c649-11e5-b4f5-525400bfe8b9','44601766-b153-11e5-bfc5-525400bfe8b9','b14b1616-c647-11e5-b4f5-525400bfe8b9',2000.00,'1','160129133224138138230','11','1','10','2016-01-29 13:32:36',NULL,NULL,0.00,NULL,NULL,'2016-01-29 13:32:24','2016-01-29 13:32:36'),('afb04d55-c591-11e5-b4f5-525400bfe8b9','10f439b0-c58f-11e5-b4f5-525400bfe8b9','3ea08643-c58f-11e5-b4f5-525400bfe8b9',500.00,'0','160128153521316167907','0','0','10',NULL,NULL,NULL,0.00,NULL,NULL,'2016-01-28 15:35:21','2016-01-28 15:35:21'),('afcd6256-c58f-11e5-b4f5-525400bfe8b9','10f439b0-c58f-11e5-b4f5-525400bfe8b9','3ea08643-c58f-11e5-b4f5-525400bfe8b9',500.00,'0','160128152102512167948','0','0','10',NULL,NULL,NULL,0.00,NULL,NULL,'2016-01-28 15:21:02','2016-01-28 15:21:02'),('b0328bb5-c58f-11e5-b4f5-525400bfe8b9','add58667-c58c-11e5-b4f5-525400bfe8b9','3ea08643-c58f-11e5-b4f5-525400bfe8b9',500.00,'1','160128152103176167923','11','0','10','2016-01-28 15:21:46',NULL,NULL,0.00,NULL,NULL,'2016-01-28 15:21:03','2016-01-28 15:21:45'),('b13031f0-ba03-11e5-bfc5-525400bfe8b9','44601766-b153-11e5-bfc5-525400bfe8b9','631973e1-b9fe-11e5-bfc5-525400bfe8b9',200000.00,'3','160113224112505194740','11','1','10','2016-01-13 22:41:31',NULL,'2016-01-13 23:04:22',2900.00,NULL,NULL,'2016-01-13 22:41:12','2016-01-13 23:04:22'),('b2e5a7e8-c593-11e5-b4f5-525400bfe8b9','10f439b0-c58f-11e5-b4f5-525400bfe8b9','3ea08643-c58f-11e5-b4f5-525400bfe8b9',500.00,'0','160128154945692167918','0','0','10',NULL,NULL,NULL,0.00,NULL,NULL,'2016-01-28 15:49:45','2016-01-28 15:49:45'),('b60a10a6-c590-11e5-b4f5-525400bfe8b9','10f439b0-c58f-11e5-b4f5-525400bfe8b9','3ea08643-c58f-11e5-b4f5-525400bfe8b9',500.00,'0','160128152822473167996','0','0','10',NULL,NULL,NULL,0.00,NULL,NULL,'2016-01-28 15:28:22','2016-01-28 15:28:22'),('b80ff238-b1ca-11e5-bfc5-525400bfe8b9','44601766-b153-11e5-bfc5-525400bfe8b9','22d2e690-b151-11e5-bfc5-525400bfe8b9',400000.00,'3','160103113313422591675','11','1','10','2016-01-03 11:33:32',NULL,'2016-01-03 22:43:00',11800.00,NULL,NULL,'2016-01-03 11:33:13','2016-01-03 22:43:00'),('c29ed0cc-c63b-11e5-b4f5-525400bfe8b9','e9b4f376-b154-11e5-bfc5-525400bfe8b9','3ea08643-c58f-11e5-b4f5-525400bfe8b9',500.00,'1','160129115247521167950','20','0','10','2016-01-29 11:53:04',NULL,NULL,0.00,NULL,NULL,'2016-01-29 11:52:47','2016-01-29 11:53:04'),('c47095ad-eb27-11e5-b8a8-525400bfe8b9','3ca19c45-e02a-11e5-b4f5-525400bfe8b9','2616f60f-d90a-11e5-b4f5-525400bfe8b9',3000.00,'1','160316113253646149398','20','0','10','2016-03-16 11:33:04',NULL,NULL,0.00,NULL,NULL,'2016-03-16 11:32:53','2016-03-16 11:33:07'),('c940584c-ba04-11e5-bfc5-525400bfe8b9','e9b4f376-b154-11e5-bfc5-525400bfe8b9','8d9b4218-ba02-11e5-bfc5-525400bfe8b9',8000.00,'1','160113224902373159836','11','1','10','2016-01-13 22:49:18',NULL,NULL,0.00,NULL,NULL,'2016-01-13 22:49:02','2016-01-13 22:49:17'),('d54f0ac8-c58f-11e5-b4f5-525400bfe8b9','10f439b0-c58f-11e5-b4f5-525400bfe8b9','3ea08643-c58f-11e5-b4f5-525400bfe8b9',500.00,'0','160128152205438167990','0','0','10',NULL,NULL,NULL,0.00,NULL,NULL,'2016-01-28 15:22:05','2016-01-28 15:22:05'),('d95eeab7-b1ca-11e5-bfc5-525400bfe8b9','e9b4f376-b154-11e5-bfc5-525400bfe8b9','22d2e690-b151-11e5-bfc5-525400bfe8b9',200000.00,'3','160103113409304591662','11','1','10','2016-01-03 11:34:25',NULL,'2016-01-03 22:43:00',5900.00,NULL,NULL,'2016-01-03 11:34:09','2016-01-03 22:43:00'),('dfc757a5-c649-11e5-b4f5-525400bfe8b9','44601766-b153-11e5-bfc5-525400bfe8b9','b14b1616-c647-11e5-b4f5-525400bfe8b9',1500.00,'1','160129133349395138255','11','1','10','2016-01-29 13:34:01',NULL,NULL,0.00,NULL,NULL,'2016-01-29 13:33:49','2016-01-29 13:34:01'),('e0e85909-ef2d-11e5-aa79-525400bfe8b9','44601766-b153-11e5-bfc5-525400bfe8b9','2616f60f-d90a-11e5-b4f5-525400bfe8b9',1000.00,'0','160321142642766149323','0','0','10',NULL,NULL,NULL,0.00,NULL,NULL,'2016-03-21 14:26:42','2016-03-21 14:26:42'),('e178a4ea-c656-11e5-b4f5-525400bfe8b9','c87ca558-c590-11e5-b4f5-525400bfe8b9','b14b1616-c647-11e5-b4f5-525400bfe8b9',500.00,'1','160129150655691138250','11','1','10','2016-01-29 15:07:14',NULL,NULL,0.00,NULL,NULL,'2016-01-29 15:06:55','2016-01-29 15:07:14'),('e399b765-c590-11e5-b4f5-525400bfe8b9','c87ca558-c590-11e5-b4f5-525400bfe8b9','3ea08643-c58f-11e5-b4f5-525400bfe8b9',500.00,'1','160128152938912167926','11','1','10','2016-01-28 15:33:41',NULL,NULL,0.00,NULL,NULL,'2016-01-28 15:29:38','2016-01-28 15:33:41'),('e4d07996-ba04-11e5-bfc5-525400bfe8b9','44601766-b153-11e5-bfc5-525400bfe8b9','8d9b4218-ba02-11e5-bfc5-525400bfe8b9',7000.00,'1','160113224948616159812','11','1','10','2016-01-13 22:50:03',NULL,NULL,0.00,NULL,NULL,'2016-01-13 22:49:48','2016-01-13 22:50:03'),('e65db726-c59a-11e5-b4f5-525400bfe8b9','7586ee76-c59a-11e5-b4f5-525400bfe8b9','cea1d933-c597-11e5-b4f5-525400bfe8b9',2000.00,'0','160128164118515875491','0','1','10',NULL,NULL,NULL,0.00,NULL,NULL,'2016-01-28 16:41:18','2016-01-28 16:41:18'),('e6f0df53-ba03-11e5-bfc5-525400bfe8b9','e9b4f376-b154-11e5-bfc5-525400bfe8b9','631973e1-b9fe-11e5-bfc5-525400bfe8b9',150000.00,'3','160113224242687194791','11','1','10','2016-01-13 22:42:57',NULL,'2016-01-13 23:04:23',2175.00,NULL,NULL,'2016-01-13 22:42:42','2016-01-13 23:04:23'),('ecf14abf-b1ca-11e5-bfc5-525400bfe8b9','44601766-b153-11e5-bfc5-525400bfe8b9','22d2e690-b151-11e5-bfc5-525400bfe8b9',100000.00,'3','160103113442140591601','11','1','10','2016-01-03 11:34:56',NULL,'2016-01-03 22:43:00',2950.00,NULL,NULL,'2016-01-03 11:34:42','2016-01-03 22:43:00'),('f02135fd-c517-11e5-b4f5-525400bfe8b9','44601766-b153-11e5-bfc5-525400bfe8b9','91787977-c3f5-11e5-bfc5-525400bfe8b9',100.00,'0','160128010350882944038','0','0','10',NULL,NULL,NULL,0.00,NULL,NULL,'2016-01-28 01:03:50','2016-01-28 01:03:50'),('f899277d-c656-11e5-b4f5-525400bfe8b9','10f439b0-c58f-11e5-b4f5-525400bfe8b9','2884a466-c648-11e5-b4f5-525400bfe8b9',2000.00,'1','160129150734493215063','11','0','10','2016-01-29 15:08:08',NULL,NULL,0.00,NULL,NULL,'2016-01-29 15:07:34','2016-01-29 15:08:07'),('fa4abe22-c598-11e5-b4f5-525400bfe8b9','6c839578-c598-11e5-b4f5-525400bfe8b9','cea1d933-c597-11e5-b4f5-525400bfe8b9',2000.00,'0','160128162732951875445','0','0','10',NULL,NULL,NULL,0.00,NULL,NULL,'2016-01-28 16:27:32','2016-01-28 16:27:32'),('fa8be0af-c63b-11e5-b4f5-525400bfe8b9','e9b4f376-b154-11e5-bfc5-525400bfe8b9','91787977-c3f5-11e5-bfc5-525400bfe8b9',9500.00,'3','160129115421350944010','20','0','10','2016-01-29 11:54:30',NULL,'2016-01-29 11:56:21',174.17,NULL,NULL,'2016-01-29 11:54:21','2016-01-29 11:56:21'),('ff0630dc-b1c7-11e5-bfc5-525400bfe8b9','44601766-b153-11e5-bfc5-525400bfe8b9','74082825-b150-11e5-bfc5-525400bfe8b9',200000.00,'3','160103111343986131318','11','1','10','2016-01-03 11:14:08',NULL,'2016-01-03 21:48:34',2859.00,NULL,NULL,'2016-01-03 11:13:43','2016-01-03 21:48:34');
/*!40000 ALTER TABLE `tb_investor_project` ENABLE KEYS */;
UNLOCK TABLES;

--
-- Table structure for table `tb_project`
--

DROP TABLE IF EXISTS `tb_project`;
/*!40101 SET @saved_cs_client     = @@character_set_client */;
/*!40101 SET character_set_client = utf8 */;
CREATE TABLE `tb_project` (
  `id` varchar(45) COLLATE utf8_unicode_ci NOT NULL,
  `name` varchar(200) COLLATE utf8_unicode_ci NOT NULL COMMENT '融资项目名称',
  `borrower_id` varchar(45) COLLATE utf8_unicode_ci NOT NULL COMMENT '融资项目的借款人',
  `number` varchar(45) COLLATE utf8_unicode_ci NOT NULL COMMENT '融资项目编号(唯一性)',
  `type_id` varchar(45) COLLATE utf8_unicode_ci NOT NULL COMMENT '融资项目类型',
  `increase_type_id` varchar(45) COLLATE utf8_unicode_ci NOT NULL COMMENT '融资项目收益方式id',
  `origin_agency` varchar(200) COLLATE utf8_unicode_ci NOT NULL COMMENT '融资项目来源机构',
  `amount` decimal(10,2) NOT NULL COMMENT '融资项目发行金额',
  `yield_rate` decimal(8,6) NOT NULL COMMENT '融资项目预期投资收益率',
  `borrow_rate` decimal(8,6) NOT NULL COMMENT '借款年利率',
  `min_invest_amount` decimal(10,2) NOT NULL COMMENT '融资项目的最小投资金额',
  `sell_limit` int(8) NOT NULL COMMENT '融资项目的最大购买数',
  `vip` enum('0','1') COLLATE utf8_unicode_ci NOT NULL DEFAULT '0' COMMENT '是否是VIP项目\n0:不是,1:是',
  `yield_days` tinyint(2) NOT NULL COMMENT '融资项目投标结束后第几天后开始计息',
  `loan_period` int(8) NOT NULL COMMENT '融资项目借款期限',
  `presale_date_start` datetime NOT NULL COMMENT '融资项目预售开始时间',
  `presale_date_end` datetime NOT NULL COMMENT '融资项目预售结束时间',
  `tender_date_start` datetime NOT NULL COMMENT '融资项目投标开始时间',
  `tender_date_end` datetime NOT NULL COMMENT '融资项目投标结束时间',
  `status` enum('0','1','11','2','3','31','4','5','6','7','8','99') COLLATE utf8_unicode_ci NOT NULL COMMENT '融资项目的状态(0:项目创建完毕,待审核发布,1:审核发布中,11:审核发布不通过,待审核,2:审核发布通过,根据项目预售时间和招标时间判断[预售前，预售中，招标中，待审核放款],3:审核放款中,31:审核放款不通过,4:退款,项目关闭,5:审核放款通过,待放款6:已放款,等待还款,7:已还款,等待结算,8:已结算，项目关闭,99:项目已删除)',
  `project_url` varchar(200) COLLATE utf8_unicode_ci DEFAULT NULL COMMENT '项目链接',
  `refund_date` datetime DEFAULT NULL COMMENT '退款时间',
  `loan_date` datetime DEFAULT NULL COMMENT '放款时间',
  `repayment_date_expected` datetime NOT NULL COMMENT '预期还款日期',
  `repayment_date` datetime DEFAULT NULL COMMENT '实际还款时间',
  `settlement_date` datetime DEFAULT NULL COMMENT '结算时间',
  `create_time` datetime NOT NULL,
  `update_time` datetime NOT NULL,
  PRIMARY KEY (`id`),
  UNIQUE KEY `number_UNIQUE` (`number`),
  KEY `type_fk_idx` (`type_id`),
  KEY `increase_type_fk_idx` (`increase_type_id`),
  KEY `tb_project_ borrower_fk_idx` (`borrower_id`),
  CONSTRAINT `tb_project_?borrower_fk` FOREIGN KEY (`borrower_id`) REFERENCES `tb_borrower` (`id`) ON DELETE NO ACTION ON UPDATE NO ACTION,
  CONSTRAINT `tb_project_increase_type_fk` FOREIGN KEY (`increase_type_id`) REFERENCES `tb_increase_type` (`id`) ON DELETE NO ACTION ON UPDATE NO ACTION,
  CONSTRAINT `tb_project_type_fk` FOREIGN KEY (`type_id`) REFERENCES `tb_project_type` (`id`) ON DELETE NO ACTION ON UPDATE NO ACTION
) ENGINE=InnoDB DEFAULT CHARSET=utf8 COLLATE=utf8_unicode_ci COMMENT='融资项目';
/*!40101 SET character_set_client = @saved_cs_client */;

--
-- Dumping data for table `tb_project`
--

LOCK TABLES `tb_project` WRITE;
/*!40000 ALTER TABLE `tb_project` DISABLE KEYS */;
INSERT INTO `tb_project` VALUES ('0ce28040-ba02-11e5-bfc5-525400bfe8b9','个人一次性还本付息','ed28ff1c-b151-11e5-bfc5-525400bfe8b9','【201601130004】','2','1','保密',10000.00,4.300000,9.300000,100.00,10000,'0',1,45,'2016-01-13 22:28:50','2016-01-13 22:30:52','2016-01-13 22:30:52','2016-01-17 22:29:07','6','rest/invest/info?proId=0ce28040-ba02-11e5-bfc5-525400bfe8b9',NULL,'2016-01-13 22:56:17','2016-03-03 00:00:00',NULL,NULL,'2016-01-13 22:29:27','2016-01-13 22:56:17'),('22d2e690-b151-11e5-bfc5-525400bfe8b9','企业到期还本融资','dbddd5c1-b14f-11e5-bfc5-525400bfe8b9','【201601020003】','1','3','保密',700000.00,5.900000,15.900000,100.00,1000000,'0',1,180,'2016-01-02 21:02:10','2016-01-02 21:05:11','2016-01-02 21:05:11','2016-01-05 21:02:15','8','rest/invest/info?proId=22d2e690-b151-11e5-bfc5-525400bfe8b9',NULL,'2016-01-03 11:38:12','2016-07-04 00:00:00','2016-01-03 22:42:40','2016-01-03 22:43:00','2016-01-02 21:02:53','2016-01-03 22:43:00'),('24d2b212-c658-11e5-b4f5-525400bfe8b9','长青e贷稳赢融资项目','dbddd5c1-b14f-11e5-bfc5-525400bfe8b9','【CQWY20150015】','1','1','经营收入',50000.00,6.000000,10.400000,500.00,1,'0',1,30,'2016-01-29 15:15:55','2016-01-29 15:20:57','2016-01-29 15:20:57','2016-01-31 15:16:15','2','rest/invest/info?proId=24d2b212-c658-11e5-b4f5-525400bfe8b9',NULL,NULL,'2016-03-02 00:00:00',NULL,NULL,'2016-01-29 15:15:58','2016-01-29 15:15:58'),('2616f60f-d90a-11e5-b4f5-525400bfe8b9','无人机众筹','25cb135f-d90a-11e5-b4f5-525400bfe8b9','PJ001','1','2','众筹',5000000.00,5.000000,7.000000,500.00,500,'0',5,365,'2016-02-23 10:14:56','2016-02-26 10:15:02','2016-02-26 10:15:02','2016-04-06 10:15:06','2','rest/invest/info?proId=2616f60f-d90a-11e5-b4f5-525400bfe8b9',NULL,NULL,'2017-04-11 00:00:00',NULL,NULL,'2016-02-22 10:15:29','2016-02-22 10:15:29'),('2884a466-c648-11e5-b4f5-525400bfe8b9','标签项目','dbddd5c1-b14f-11e5-bfc5-525400bfe8b9','【201601290002】','1','3','保密',15000.00,5.600000,14.000000,1000.00,10000,'0',1,120,'2016-01-29 13:20:43','2016-01-29 13:20:44','2016-01-29 13:20:44','2017-01-07 13:20:46','2','rest/invest/info?proId=2884a466-c648-11e5-b4f5-525400bfe8b9',NULL,NULL,'2017-05-08 00:00:00',NULL,NULL,'2016-01-29 13:21:32','2016-01-29 13:21:32'),('2a0c1520-c570-11e5-b4f5-525400bfe8b9','电影票有没有','dbddd5c1-b14f-11e5-bfc5-525400bfe8b9','【20160128000Y】','1','2','保密',300000.00,6.000000,13.000000,100.00,100000,'0',1,130,'2016-01-28 11:35:04','2016-01-29 11:35:06','2016-01-29 11:35:06','2016-01-30 11:35:08','99','rest/invest/info?proId=2a0c1520-c570-11e5-b4f5-525400bfe8b9',NULL,NULL,'2016-06-09 00:00:00',NULL,NULL,'2016-01-28 11:35:23','2016-01-28 11:35:23'),('3ea08643-c58f-11e5-b4f5-525400bfe8b9','赢电影票','dbddd5c1-b14f-11e5-bfc5-525400bfe8b9','【123456】','2','1','123',10000.00,8.000000,8.000000,500.00,1,'0',1,50,'2016-01-28 15:17:44','2016-01-28 15:20:00','2016-01-28 15:20:00','2016-01-29 15:17:54','2','rest/invest/info?proId=3ea08643-c58f-11e5-b4f5-525400bfe8b9',NULL,NULL,'2016-03-20 00:00:00',NULL,NULL,'2016-01-28 15:17:52','2016-01-28 15:17:52'),('40945c3f-d90e-11e5-b4f5-525400bfe8b9','武大项目','405b1b9f-d90e-11e5-b4f5-525400bfe8b9','{测试中}','2','2','支助',100000.00,7.000000,8.000000,1000.00,10,'0',1,30,'2016-02-22 10:41:21','2016-02-24 10:41:38','2016-02-24 10:41:38','2016-02-29 10:41:49','2','rest/invest/info?proId=40945c3f-d90e-11e5-b4f5-525400bfe8b9',NULL,NULL,'2016-03-31 00:00:00',NULL,NULL,'2016-02-22 10:44:53','2016-02-22 11:04:33'),('46f70be9-ba03-11e5-bfc5-525400bfe8b9','个人每月还息到期还本','ed28ff1c-b151-11e5-bfc5-525400bfe8b9','【201601130006】','2','3','保密',20000.00,4.500000,9.500000,100.00,100000,'0',1,125,'2016-01-13 22:37:43','2016-01-13 22:40:44','2016-01-13 22:40:44','2016-01-19 22:37:49','6','rest/invest/info?proId=46f70be9-ba03-11e5-bfc5-525400bfe8b9',NULL,'2016-01-13 22:57:08','2016-05-24 00:00:00',NULL,NULL,'2016-01-13 22:38:14','2016-01-13 22:57:08'),('5dd09747-de92-11e5-b4f5-525400bfe8b9','长青e贷稳赢融资项目','5d2ed550-de92-11e5-b4f5-525400bfe8b9','【201602290001】','1','1','保密',1000000.00,5.800000,13.500000,100.00,100000000,'0',1,55,'2016-02-29 11:13:01','2016-02-29 11:13:04','2016-02-29 11:13:04','2016-03-12 11:13:07','99','rest/invest/info?proId=5dd09747-de92-11e5-b4f5-525400bfe8b9',NULL,NULL,'2016-05-07 00:00:00',NULL,NULL,'2016-02-29 11:13:11','2016-02-29 11:13:11'),('5ffd6ad1-c009-11e5-bfc5-525400bfe8b9','企业每月还息到期还本','dbddd5c1-b14f-11e5-bfc5-525400bfe8b9','【201601210001】','1','3','保密',500000.00,5.800000,14.200000,100.00,100000,'0',1,162,'2016-01-21 14:36:22','2016-01-21 14:40:23','2016-01-21 14:40:23','2016-02-01 14:36:29','6','rest/invest/info?proId=5ffd6ad1-c009-11e5-bfc5-525400bfe8b9',NULL,'2016-01-21 14:46:42','2016-07-13 00:00:00',NULL,NULL,'2016-01-21 14:37:00','2016-01-21 14:46:42'),('60b6aee4-f012-11e5-aa79-525400bfe8b9','Yeapoo测试群发','405b1b9f-d90e-11e5-b4f5-525400bfe8b9','N64564523','1','2','保密',10000.00,5.000000,8.000000,1000.00,2,'0',1,45,'2016-03-22 17:42:07','2016-03-22 17:45:09','2016-03-22 17:45:09','2016-03-23 17:42:16','2','rest/invest/info?proId=60b6aee4-f012-11e5-aa79-525400bfe8b9',NULL,NULL,'2016-05-08 00:00:00',NULL,NULL,'2016-03-22 17:42:22','2016-03-22 17:42:22'),('631973e1-b9fe-11e5-bfc5-525400bfe8b9','企业一次性还本付息','dbddd5c1-b14f-11e5-bfc5-525400bfe8b9','【201601130001】','1','1','保密',350000.00,5.800000,13.500000,100.00,1000000,'0',1,90,'2016-01-13 22:01:45','2016-01-13 22:10:34','2016-01-13 22:10:34','2016-01-14 22:02:43','8','rest/invest/info?proId=631973e1-b9fe-11e5-bfc5-525400bfe8b9',NULL,'2016-01-13 22:53:40','2016-04-14 00:00:00','2016-01-13 23:03:18','2016-01-13 23:04:23','2016-01-13 22:03:13','2016-01-13 23:04:23'),('70052a36-b9ff-11e5-bfc5-525400bfe8b9','企业每月还息到期还本','dbddd5c1-b14f-11e5-bfc5-525400bfe8b9','【201601130003】','1','3','保密',1000000.00,7.600000,14.900000,100.00,1000000,'0',1,135,'2016-01-13 22:10:11','2016-01-13 22:15:12','2016-01-13 22:15:12','2016-01-16 22:10:17','8','rest/invest/info?proId=70052a36-b9ff-11e5-bfc5-525400bfe8b9',NULL,'2016-01-13 22:55:34','2016-05-31 00:00:00','2016-01-13 23:29:04','2016-01-13 23:33:34','2016-01-13 22:10:45','2016-01-13 23:33:34'),('74082825-b150-11e5-bfc5-525400bfe8b9','企业等额本息融资','dbddd5c1-b14f-11e5-bfc5-525400bfe8b9','【201601020002】','1','2','保密',600000.00,5.700000,15.700000,100.00,100000,'0',1,153,'2016-01-02 20:57:26','2016-01-02 21:00:00','2016-01-02 21:00:00','2016-01-04 20:57:39','8','rest/invest/info?proId=74082825-b150-11e5-bfc5-525400bfe8b9',NULL,'2016-01-03 11:25:00','2016-06-06 00:00:00','2016-01-03 21:48:24','2016-01-03 21:48:34','2016-01-02 20:58:00','2016-01-03 21:48:34'),('778eedac-c648-11e5-b4f5-525400bfe8b9','无标签项目','dbddd5c1-b14f-11e5-bfc5-525400bfe8b9','【201601290003】','1','2','保密',20000.00,5.300000,14.500000,100.00,10000,'0',1,90,'2016-01-29 13:23:12','2016-01-29 13:23:13','2016-01-29 13:23:13','2016-02-08 13:23:14','2','rest/invest/info?proId=778eedac-c648-11e5-b4f5-525400bfe8b9',NULL,NULL,'2016-05-09 00:00:00',NULL,NULL,'2016-01-29 13:23:45','2016-01-29 13:23:45'),('793dac93-b152-11e5-bfc5-525400bfe8b9','个人等额本息融资','ed28ff1c-b151-11e5-bfc5-525400bfe8b9','【201601020005】','2','2','保密',100000.00,5.200000,12.500000,100.00,10000,'0',1,155,'2016-01-02 21:11:57','2016-01-02 21:15:58','2016-01-02 21:15:58','2016-01-07 21:12:02','6','rest/invest/info?proId=793dac93-b152-11e5-bfc5-525400bfe8b9',NULL,'2016-01-13 17:06:00','2016-06-11 00:00:00',NULL,NULL,'2016-01-02 21:12:28','2016-01-13 17:06:00'),('8d9b4218-ba02-11e5-bfc5-525400bfe8b9','个人每月等额本息','ed28ff1c-b151-11e5-bfc5-525400bfe8b9','【201601130005】','2','2','保密',15000.00,4.400000,9.400000,100.00,100000,'0',1,150,'2016-01-13 22:32:33','2016-01-13 22:35:34','2016-01-13 22:35:34','2016-01-18 22:32:38','6','rest/invest/info?proId=8d9b4218-ba02-11e5-bfc5-525400bfe8b9',NULL,'2016-01-13 22:56:42','2016-06-17 00:00:00',NULL,NULL,'2016-01-13 22:33:03','2016-01-13 22:56:42'),('91787977-c3f5-11e5-bfc5-525400bfe8b9','送电影票测试','dbddd5c1-b14f-11e5-bfc5-525400bfe8b9','【201601260001】','1','1','保密',10000.00,5.500000,12.000000,100.00,100000,'0',1,120,'2016-01-26 14:24:41','2016-01-27 14:24:43','2016-01-27 14:24:43','2016-02-06 14:24:52','8','rest/invest/info?proId=91787977-c3f5-11e5-bfc5-525400bfe8b9',NULL,'2016-01-29 11:55:50','2016-06-06 00:00:00','2016-01-29 11:56:08','2016-01-29 11:56:21','2016-01-26 14:25:17','2016-01-29 11:56:21'),('a7c226f0-c56f-11e5-b4f5-525400bfe8b9','电影票要不要','dbddd5c1-b14f-11e5-bfc5-525400bfe8b9','【20160128000X】','1','3','保密',300000.00,5.000000,12.000000,100.00,10000,'0',1,130,'2016-01-28 11:30:36','2016-01-29 11:30:37','2016-01-29 11:30:37','2016-01-30 11:30:41','99','rest/invest/info?proId=a7c226f0-c56f-11e5-b4f5-525400bfe8b9',NULL,NULL,'2016-06-09 00:00:00',NULL,NULL,'2016-01-28 11:31:45','2016-01-28 11:32:53'),('b14b1616-c647-11e5-b4f5-525400bfe8b9','标签项目','dbddd5c1-b14f-11e5-bfc5-525400bfe8b9','【201601290001】','1','1','保密',10000.00,5.800000,12.000000,100.00,100000,'0',1,360,'2016-01-29 13:17:32','2016-01-29 13:17:34','2016-01-29 13:17:34','2016-02-06 13:17:39','2','rest/invest/info?proId=b14b1616-c647-11e5-b4f5-525400bfe8b9',NULL,NULL,'2017-02-01 00:00:00',NULL,NULL,'2016-01-29 13:18:12','2016-01-29 13:18:12'),('c52c7e0c-bc53-11e5-bfc5-525400bfe8b9','企业一次性还本付息','dbddd5c1-b14f-11e5-bfc5-525400bfe8b9','【201601130007】','1','1','保密',50000.00,6.500000,15.000000,100.00,100000,'0',1,50,'2016-01-21 13:50:09','2016-01-21 13:55:00','2016-01-21 13:55:00','2016-01-31 21:18:06','8','rest/invest/info?proId=c52c7e0c-bc53-11e5-bfc5-525400bfe8b9',NULL,'2016-01-21 14:02:11','2016-03-22 00:00:00','2016-01-21 14:04:23','2016-01-21 14:04:48','2016-01-16 21:19:34','2016-01-21 14:04:48'),('cea1d933-c597-11e5-b4f5-525400bfe8b9','新春活动-电影票','dbddd5c1-b14f-11e5-bfc5-525400bfe8b9','RYD201601281617','1','1','个人',100000.00,5.300000,6.300000,100.00,100,'0',1,90,'2016-01-28 16:18:50','2016-01-28 16:25:53','2016-01-28 16:25:53','2016-01-28 20:19:17','8','rest/invest/info?proId=cea1d933-c597-11e5-b4f5-525400bfe8b9',NULL,'2016-01-29 11:48:15','2016-04-28 00:00:00','2016-01-29 11:48:30','2016-01-29 11:49:13','2016-01-28 16:19:10','2016-01-29 11:49:13'),('d6bab29d-f010-11e5-aa79-525400bfe8b9','Yeapoo测试群发','ed28ff1c-b151-11e5-bfc5-525400bfe8b9','N645645','1','2','保密',5000.00,8.000000,10.000000,1000.00,10,'0',1,30,'2016-03-22 17:29:42','2016-03-22 17:35:08','2016-03-22 17:35:08','2016-03-22 17:35:54','2','rest/invest/info?proId=d6bab29d-f010-11e5-aa79-525400bfe8b9',NULL,NULL,'2016-04-22 00:00:00',NULL,NULL,'2016-03-22 17:31:21','2016-03-22 17:31:21'),('d8f0436e-c2aa-11e5-bfc5-525400bfe8b9','企业每月等额本息','dbddd5c1-b14f-11e5-bfc5-525400bfe8b9','【201601240001】','1','2','保密',100000.00,6.500000,13.800000,100.00,10000,'0',1,88,'2016-01-24 22:57:11','2016-01-24 23:00:12','2016-01-24 23:00:12','2016-02-06 22:57:27','6','rest/invest/info?proId=d8f0436e-c2aa-11e5-bfc5-525400bfe8b9',NULL,'2016-01-24 23:04:12','2016-05-05 00:00:00',NULL,NULL,'2016-01-24 22:57:54','2016-01-24 23:04:12'),('dc19ac26-b14f-11e5-bfc5-525400bfe8b9','企业还本付息融资','dbddd5c1-b14f-11e5-bfc5-525400bfe8b9','【201601020001】','1','1','保密',500000.00,5.500000,15.500000,100.00,100000,'0',1,93,'2016-01-02 20:53:12','2016-01-02 20:55:13','2016-01-02 20:55:13','2016-01-03 20:53:16','8','rest/invest/info?proId=dc19ac26-b14f-11e5-bfc5-525400bfe8b9',NULL,'2016-01-02 21:38:30','2016-04-06 00:00:00','2016-01-03 15:46:14','2016-01-03 16:44:53','2016-01-02 20:53:45','2016-01-03 16:44:53'),('ea4eb487-b9fe-11e5-bfc5-525400bfe8b9','企业每月等额本息','dbddd5c1-b14f-11e5-bfc5-525400bfe8b9','【201601130002】','1','2','保密',500000.00,7.500000,13.800000,100.00,100000,'0',1,153,'2016-01-13 22:06:27','2016-01-13 22:10:29','2016-01-13 22:10:29','2016-01-15 22:06:33','8','rest/invest/info?proId=ea4eb487-b9fe-11e5-bfc5-525400bfe8b9',NULL,'2016-01-13 22:54:46','2016-06-17 00:00:00','2016-01-13 23:17:33','2016-01-13 23:18:05','2016-01-13 22:07:00','2016-01-13 23:18:05'),('ed523e41-b151-11e5-bfc5-525400bfe8b9','个人还本付息融资','ed28ff1c-b151-11e5-bfc5-525400bfe8b9','【201601020004】','2','1','保密',80000.00,5.100000,12.300000,100.00,100000,'0',1,55,'2016-01-02 21:07:13','2016-01-02 21:10:15','2016-01-02 21:10:15','2016-01-06 21:08:01','6','rest/invest/info?proId=ed523e41-b151-11e5-bfc5-525400bfe8b9',NULL,'2016-01-03 11:53:45','2016-03-02 00:00:00',NULL,NULL,'2016-01-02 21:08:33','2016-01-03 11:53:45'),('fe93f6bb-b152-11e5-bfc5-525400bfe8b9','个人到期还本融资','ed28ff1c-b151-11e5-bfc5-525400bfe8b9','【201601020006】','2','3','保密',150000.00,5.300000,12.700000,100.00,100000,'0',1,173,'2016-01-02 21:15:43','2016-01-02 21:20:44','2016-01-02 21:20:44','2016-01-08 21:15:47','6','rest/invest/info?proId=fe93f6bb-b152-11e5-bfc5-525400bfe8b9',NULL,'2016-01-13 17:05:52','2016-06-30 00:00:00',NULL,NULL,'2016-01-02 21:16:12','2016-01-13 17:05:52');
/*!40000 ALTER TABLE `tb_project` ENABLE KEYS */;
UNLOCK TABLES;

--
-- Table structure for table `tb_project_financle`
--

DROP TABLE IF EXISTS `tb_project_financle`;
/*!40101 SET @saved_cs_client     = @@character_set_client */;
/*!40101 SET character_set_client = utf8 */;
CREATE TABLE `tb_project_financle` (
  `id` varchar(45) COLLATE utf8_unicode_ci NOT NULL,
  `project_id` varchar(45) COLLATE utf8_unicode_ci NOT NULL COMMENT '融资项目id',
  `financle_amount` decimal(10,2) NOT NULL DEFAULT '0.00' COMMENT '已融到的金额',
  `create_time` datetime NOT NULL,
  `update_time` datetime NOT NULL,
  PRIMARY KEY (`id`),
  UNIQUE KEY `project_id_UNIQUE` (`project_id`),
  KEY `tb_project_ financle_project_fk_idx` (`project_id`),
  CONSTRAINT `tb_project_?financle_project_fk` FOREIGN KEY (`project_id`) REFERENCES `tb_project` (`id`) ON DELETE NO ACTION ON UPDATE NO ACTION
) ENGINE=InnoDB DEFAULT CHARSET=utf8 COLLATE=utf8_unicode_ci COMMENT='融资项目的融资情况';
/*!40101 SET character_set_client = @saved_cs_client */;

--
-- Dumping data for table `tb_project_financle`
--

LOCK TABLES `tb_project_financle` WRITE;
/*!40000 ALTER TABLE `tb_project_financle` DISABLE KEYS */;
INSERT INTO `tb_project_financle` VALUES ('0c98f1fb-b1c8-11e5-bfc5-525400bfe8b9','74082825-b150-11e5-bfc5-525400bfe8b9',600000.00,'2016-01-03 11:14:06','2016-01-03 11:17:49'),('0d692060-ba04-11e5-bfc5-525400bfe8b9','ea4eb487-b9fe-11e5-bfc5-525400bfe8b9',500000.00,'2016-01-13 22:43:47','2016-01-13 22:44:28'),('105a8c63-ba05-11e5-bfc5-525400bfe8b9','46f70be9-ba03-11e5-bfc5-525400bfe8b9',20000.00,'2016-01-13 22:51:01','2016-01-13 22:51:37'),('3bc084a8-b1cd-11e5-bfc5-525400bfe8b9','ed523e41-b151-11e5-bfc5-525400bfe8b9',80000.00,'2016-01-03 11:51:13','2016-01-03 11:51:47'),('3e12c443-c00a-11e5-bfc5-525400bfe8b9','5ffd6ad1-c009-11e5-bfc5-525400bfe8b9',500000.00,'2016-01-21 14:43:12','2016-01-21 14:46:15'),('4b164a0b-b1ec-11e5-bfc5-525400bfe8b9','793dac93-b152-11e5-bfc5-525400bfe8b9',100000.00,'2016-01-03 15:33:33','2016-01-03 15:34:28'),('4b5e8c34-ba04-11e5-bfc5-525400bfe8b9','70052a36-b9ff-11e5-bfc5-525400bfe8b9',1000000.00,'2016-01-13 22:45:31','2016-01-13 22:46:26'),('64c0abbe-c004-11e5-bfc5-525400bfe8b9','c52c7e0c-bc53-11e5-bfc5-525400bfe8b9',50000.00,'2016-01-21 14:01:20','2016-01-21 14:01:20'),('6a03938d-c649-11e5-b4f5-525400bfe8b9','2884a466-c648-11e5-b4f5-525400bfe8b9',8000.00,'2016-01-29 13:30:31','2016-01-29 15:08:07'),('760e0aed-c56d-11e5-b4f5-525400bfe8b9','91787977-c3f5-11e5-bfc5-525400bfe8b9',10000.00,'2016-01-28 11:16:02','2016-01-29 11:54:29'),('78a654c5-c599-11e5-b4f5-525400bfe8b9','cea1d933-c597-11e5-b4f5-525400bfe8b9',4000.00,'2016-01-28 16:31:04','2016-01-28 16:44:41'),('8f669521-b1ec-11e5-bfc5-525400bfe8b9','fe93f6bb-b152-11e5-bfc5-525400bfe8b9',150000.00,'2016-01-03 15:35:28','2016-01-03 15:35:28'),('904ae8f8-c649-11e5-b4f5-525400bfe8b9','778eedac-c648-11e5-b4f5-525400bfe8b9',1000.00,'2016-01-29 13:31:36','2016-01-29 13:31:36'),('9347a950-c2ab-11e5-bfc5-525400bfe8b9','d8f0436e-c2aa-11e5-bfc5-525400bfe8b9',100000.00,'2016-01-24 23:03:07','2016-01-24 23:03:07'),('9488468e-ba04-11e5-bfc5-525400bfe8b9','0ce28040-ba02-11e5-bfc5-525400bfe8b9',10000.00,'2016-01-13 22:47:33','2016-01-13 22:48:07'),('b2233ef5-b154-11e5-bfc5-525400bfe8b9','dc19ac26-b14f-11e5-bfc5-525400bfe8b9',500000.00,'2016-01-02 21:28:22','2016-01-02 21:33:44'),('b443b5f3-c649-11e5-b4f5-525400bfe8b9','b14b1616-c647-11e5-b4f5-525400bfe8b9',4100.00,'2016-01-29 13:32:36','2016-01-29 15:07:14'),('b79e674f-eb27-11e5-b8a8-525400bfe8b9','2616f60f-d90a-11e5-b4f5-525400bfe8b9',5000.00,'2016-03-16 11:32:32','2016-03-16 11:33:07'),('bbf79456-ba03-11e5-bfc5-525400bfe8b9','631973e1-b9fe-11e5-bfc5-525400bfe8b9',350000.00,'2016-01-13 22:41:30','2016-01-13 22:42:57'),('c28df07d-b1ca-11e5-bfc5-525400bfe8b9','22d2e690-b151-11e5-bfc5-525400bfe8b9',700000.00,'2016-01-03 11:33:31','2016-01-03 11:34:55'),('c99c2b48-c58f-11e5-b4f5-525400bfe8b9','3ea08643-c58f-11e5-b4f5-525400bfe8b9',2500.00,'2016-01-28 15:21:45','2016-01-29 15:10:23'),('d22dceeb-ba04-11e5-bfc5-525400bfe8b9','8d9b4218-ba02-11e5-bfc5-525400bfe8b9',15000.00,'2016-01-13 22:49:17','2016-01-13 22:50:03');
/*!40000 ALTER TABLE `tb_project_financle` ENABLE KEYS */;
UNLOCK TABLES;

--
-- Table structure for table `tb_project_type`
--

DROP TABLE IF EXISTS `tb_project_type`;
/*!40101 SET @saved_cs_client     = @@character_set_client */;
/*!40101 SET character_set_client = utf8 */;
CREATE TABLE `tb_project_type` (
  `id` varchar(45) COLLATE utf8_unicode_ci NOT NULL,
  `name` varchar(100) COLLATE utf8_unicode_ci NOT NULL COMMENT '类型名称',
  PRIMARY KEY (`id`),
  UNIQUE KEY `name_UNIQUE` (`name`)
) ENGINE=InnoDB DEFAULT CHARSET=utf8 COLLATE=utf8_unicode_ci COMMENT='融资项目类型';
/*!40101 SET character_set_client = @saved_cs_client */;

--
-- Dumping data for table `tb_project_type`
--

LOCK TABLES `tb_project_type` WRITE;
/*!40000 ALTER TABLE `tb_project_type` DISABLE KEYS */;
INSERT INTO `tb_project_type` VALUES ('2','个人贷款'),('1','企业融资');
/*!40000 ALTER TABLE `tb_project_type` ENABLE KEYS */;
UNLOCK TABLES;
/*!40103 SET TIME_ZONE=@OLD_TIME_ZONE */;

/*!40101 SET SQL_MODE=@OLD_SQL_MODE */;
/*!40014 SET FOREIGN_KEY_CHECKS=@OLD_FOREIGN_KEY_CHECKS */;
/*!40014 SET UNIQUE_CHECKS=@OLD_UNIQUE_CHECKS */;
/*!40101 SET CHARACTER_SET_CLIENT=@OLD_CHARACTER_SET_CLIENT */;
/*!40101 SET CHARACTER_SET_RESULTS=@OLD_CHARACTER_SET_RESULTS */;
/*!40101 SET COLLATION_CONNECTION=@OLD_COLLATION_CONNECTION */;
/*!40111 SET SQL_NOTES=@OLD_SQL_NOTES */;

-- Dump completed on 2016-03-23 14:59:54

DROP TABLE IF EXISTS `tb_user`;
CREATE TABLE `tb_user` (
  `id` int(11) NOT NULL AUTO_INCREMENT COMMENT '主键id',
  `username` varchar(255) DEFAULT NULL COMMENT '用户名',
  `realname` varchar(255) DEFAULT NULL COMMENT '真实姓名',
  `password` varchar(255) DEFAULT NULL COMMENT '密码',
  `phone` varchar(22) CHARACTER SET utf8 COLLATE utf8_unicode_ci DEFAULT NULL COMMENT '用户手机号',
  `email` varchar(64) CHARACTER SET utf8 COLLATE utf8_unicode_ci DEFAULT NULL COMMENT '用户邮箱',
  `role` tinyint(4) DEFAULT NULL COMMENT '角色 ，1：administrator  2:系统管理员',
  `job` varchar(255) DEFAULT NULL COMMENT '职位',
  `status` tinyint(4) DEFAULT '0' COMMENT '状态，0：正常：1：删除',
  `create_time` timestamp NULL DEFAULT CURRENT_TIMESTAMP COMMENT '创建时间',
  `update_time` timestamp NULL DEFAULT NULL ON UPDATE CURRENT_TIMESTAMP COMMENT '修改时间',
  `create_user` tinyint(4) DEFAULT NULL,
  `update_user` tinyint(4) DEFAULT NULL,
  `enabled` tinyint(1) DEFAULT NULL,
  PRIMARY KEY (`id`)
) ENGINE=InnoDB AUTO_INCREMENT=6 DEFAULT CHARSET=utf8;


-- expense
DROP TABLE IF EXISTS `cost`;
CREATE TABLE `cost` (
  `id` bigint(10) NOT NULL AUTO_INCREMENT COMMENT '主键id',
  `cost_detail` varchar(24) COLLATE utf8_unicode_ci DEFAULT NULL COMMENT '消费详情: 娱乐、购物、房租、生活吃饭、其它',
  `cost_budget` decimal(10,0) DEFAULT NULL COMMENT '消费预算',
  `cost_amount` decimal(10,2) DEFAULT NULL COMMENT '消费金额',
  `cost_user_id` varchar(32) COLLATE utf8_unicode_ci DEFAULT NULL,
  `cost_user_name` varchar(32) COLLATE utf8_unicode_ci DEFAULT NULL COMMENT '消费人名字（如果是个人消费）',
  `cost_phone` varchar(255) COLLATE utf8_unicode_ci DEFAULT NULL COMMENT '消费者手机号',
  `cost_time` datetime DEFAULT NULL COMMENT '消费时间',
  `description` varchar(255) COLLATE utf8_unicode_ci DEFAULT NULL COMMENT '消费描述',
  `status` varchar(16) COLLATE utf8_unicode_ci DEFAULT NULL COMMENT '状态：VALID-正常 INVALID-删除',
  `cost_type` varchar(16) COLLATE utf8_unicode_ci DEFAULT NULL COMMENT '消费类型：个人、团体',
  `reason` varchar(128) COLLATE utf8_unicode_ci DEFAULT NULL COMMENT '修改原因',
  `create_time` datetime DEFAULT NULL COMMENT '创建时间',
  `create_by` varchar(32) COLLATE utf8_unicode_ci DEFAULT NULL COMMENT '创建人',
  `update_time` datetime DEFAULT NULL COMMENT '修改时间',
  `update_by` varchar(32) COLLATE utf8_unicode_ci DEFAULT NULL COMMENT '修改人',
  PRIMARY KEY (`id`)
) ENGINE=InnoDB AUTO_INCREMENT=2 DEFAULT CHARSET=utf8 COLLATE=utf8_unicode_ci;




